epoch,batchid,loss
1, 0,0.037332642823458
1, 1,0.035754859447479
2, 0,0.033097237348557
2, 1,0.027038345113397
