epoch,batchid,loss
1, 0,0.042868219316006
1, 1,0.040918547660112
2, 0,0.036398030817509
2, 1,0.026448355987668
