epoch,batchid,loss
1, 0,0.044110793620348
1, 1,0.042062077671289
2, 0,0.036897018551826
2, 1,0.026456428691745
