epoch,batchid,loss
1, 0,0.043733552098274
1, 1,0.041959077119827
1, 2,0.038276027888060
1, 3,0.028171380981803
2, 0,0.085896223783493
2, 1,0.020810415968299
2, 2,0.025910224765539
2, 3,0.029107347130775
